<?xml version="1.0" encoding="utf-8"?>
<!--/16254546/460558/2.49/18/3/Integrated Circuit/-->
<quadcept_library>
  <setting unit="mil" />
  <textstyle name="Default" height="47.244094488189" strokewidth="7.8740157480315" charwidth="47.244094488189" />
  <textstyle name="Dimension" height="19.6850393700787" strokewidth="0" charwidth="19.6850393700787" />
  <textstyle name="H127W0635TH00762" height="50" strokewidth="3" charwidth="25" />
  <textstyle name="H15W15TH02" height="59.0551181102362" strokewidth="7.8740157480315" charwidth="59.0551181102362" />
  <padstyle name="r180_80" surface="True" plated="False" isvia="False" nopaste="False" nomask="True" complex="False" holesize="0">
    <padshape layer="TOP" shape="rectangle" width="31.496062992126" height="70.866141732283" />
    <padshape layer="TOP_SOLDER_MASK" shape="rectangle" width="39.370078740157" height="78.740157480314" />
    <padshape layer="TOP_SOLDER_PASTE" shape="rectangle" width="31.496062992126" height="70.866141732283" />
  </padstyle>
  <padstyle name="r180_70" surface="True" plated="False" isvia="False" nopaste="False" nomask="True" complex="False" holesize="0">
    <padshape layer="TOP" shape="rectangle" width="27.55905511811" height="70.866141732283" />
    <padshape layer="TOP_SOLDER_MASK" shape="rectangle" width="35.433070866141" height="78.740157480314" />
    <padshape layer="TOP_SOLDER_PASTE" shape="rectangle" width="27.55905511811" height="70.866141732283" />
  </padstyle>
  <footprint name="MAXM10S00B" originx="0" originy="0" pickpointx="0" pickpointy="0">
    <pcbpin number="1" name="1" style="r180_70" originx="187.00787401575" originy="-173.22834645669" rotation="90" />
    <pcbpin number="2" name="2" style="r180_80" originx="187.00787401575" originy="-129.92125984252" rotation="90" />
    <pcbpin number="3" name="3" style="r180_80" originx="187.00787401575" originy="-86.614173228345" rotation="90" />
    <pcbpin number="4" name="4" style="r180_80" originx="187.00787401575" originy="-43.307086614173" rotation="90" />
    <pcbpin number="5" name="5" style="r180_80" originx="187.00787401575" originy="0" rotation="90" />
    <pcbpin number="6" name="6" style="r180_80" originx="187.00787401575" originy="43.307086614173" rotation="90" />
    <pcbpin number="7" name="7" style="r180_80" originx="187.00787401575" originy="86.614173228345" rotation="90" />
    <pcbpin number="8" name="8" style="r180_80" originx="187.00787401575" originy="129.92125984252" rotation="90" />
    <pcbpin number="9" name="9" style="r180_70" originx="187.00787401575" originy="173.22834645669" rotation="90" />
    <pcbpin number="10" name="10" style="r180_70" originx="-187.00787401575" originy="173.22834645669" rotation="90" />
    <pcbpin number="11" name="11" style="r180_80" originx="-187.00787401575" originy="129.92125984252" rotation="90" />
    <pcbpin number="12" name="12" style="r180_80" originx="-187.00787401575" originy="86.614173228345" rotation="90" />
    <pcbpin number="13" name="13" style="r180_80" originx="-187.00787401575" originy="43.307086614173" rotation="90" />
    <pcbpin number="14" name="14" style="r180_80" originx="-187.00787401575" originy="0" rotation="90" />
    <pcbpin number="15" name="15" style="r180_80" originx="-187.00787401575" originy="-43.307086614173" rotation="90" />
    <pcbpin number="16" name="16" style="r180_80" originx="-187.00787401575" originy="-86.614173228345" rotation="90" />
    <pcbpin number="17" name="17" style="r180_80" originx="-187.00787401575" originy="-129.92125984252" rotation="90" />
    <pcbpin number="18" name="18" style="r180_70" originx="-187.00787401575" originy="-173.22834645669" rotation="90" />
    <line layer="TOP_ASSEMBLY" originx="190.94488188976" originy="-198.81889763779" endx="-190.94488188976" endy="-198.81889763779" width="3.9370078740157" />
    <line layer="TOP_ASSEMBLY" originx="-190.94488188976" originy="-198.81889763779" endx="-190.94488188976" endy="198.81889763779" width="3.9370078740157" />
    <line layer="TOP_ASSEMBLY" originx="-190.94488188976" originy="198.81889763779" endx="190.94488188976" endy="198.81889763779" width="3.9370078740157" />
    <line layer="TOP_ASSEMBLY" originx="190.94488188976" originy="198.81889763779" endx="190.94488188976" endy="-198.81889763779" width="3.9370078740157" />
    <line layer="TOP_PLACE_BOUND" originx="261.81102362204" originy="-238.18897637795" endx="-261.81102362204" endy="-238.18897637795" width="3.9370078740157" />
    <line layer="TOP_PLACE_BOUND" originx="-261.81102362204" originy="-238.18897637795" endx="-261.81102362204" endy="238.18897637795" width="3.9370078740157" />
    <line layer="TOP_PLACE_BOUND" originx="-261.81102362204" originy="238.18897637795" endx="261.81102362204" endy="238.18897637795" width="3.9370078740157" />
    <line layer="TOP_PLACE_BOUND" originx="261.81102362204" originy="238.18897637795" endx="261.81102362204" endy="-238.18897637795" width="3.9370078740157" />
    <line layer="TOP_SILKSCREEN" originx="244.09448818897" originy="-173.22834645669" endx="244.09448818897" endy="-173.22834645669" width="3.9370078740157" />
    <arc layer="TOP_SILKSCREEN" originx="238.18897637795" originy="-173.22834645669" startangle=".0" sweepangle="180.0" radius="-1.9685039370079" width="3.9370078740157" />
    <line layer="TOP_SILKSCREEN" originx="240.15748031496" originy="-173.22834645669" endx="240.15748031496" endy="-173.22834645669" width="3.9370078740157" />
    <arc layer="TOP_SILKSCREEN" originx="238.18897637795" originy="-173.22834645669" startangle="180.0" sweepangle="180.0" radius="-1.9685039370079" width="3.9370078740157" />
    <line layer="TOP_SILKSCREEN" originx="188.97637795275" originy="-198.81889763779" endx="-188.97637795275" endy="-198.81889763779" width="7.8740157480314" />
    <line layer="TOP_SILKSCREEN" originx="188.97637795275" originy="198.81889763779" endx="-188.97637795275" endy="198.81889763779" width="7.8740157480314" />
  </footprint>
  <symbol name="MAX-M10S-00B" originx="0" originy="0">
    <line originx="200" originy="100" endx="1500" endy="100" width="0" />
    <line originx="1500" originy="-900" endx="1500" endy="100" width="0" />
    <line originx="1500" originy="-900" endx="200" endy="-900" width="0" />
    <line originx="200" originy="100" endx="200" endy="-900" width="0" />
    <sympin number="1" originx="1500" originy="-800" rotation="0" length="100" width="7.8740157480315" flipped="False">
      <text name="pinname" originx="1470" originy="-800" style="Default" rotation="0" justify="right" flipped="False" hidden="False" data="GND_1" />
      <text name="pindes" originx="1560" originy="-780" style="Default" rotation="0" justify="lowerleft" flipped="False" hidden="False" data="1" />
    </sympin>
    <sympin number="2" originx="1500" originy="-700" rotation="0" length="100" width="7.8740157480315" flipped="False">
      <text name="pinname" originx="1470" originy="-700" style="Default" rotation="0" justify="right" flipped="False" hidden="False" data="TXD" />
      <text name="pindes" originx="1560" originy="-680" style="Default" rotation="0" justify="lowerleft" flipped="False" hidden="False" data="2" />
    </sympin>
    <sympin number="3" originx="1500" originy="-600" rotation="0" length="100" width="7.8740157480315" flipped="False">
      <text name="pinname" originx="1470" originy="-600" style="Default" rotation="0" justify="right" flipped="False" hidden="False" data="RXD" />
      <text name="pindes" originx="1560" originy="-580" style="Default" rotation="0" justify="lowerleft" flipped="False" hidden="False" data="3" />
    </sympin>
    <sympin number="4" originx="1500" originy="-500" rotation="0" length="100" width="7.8740157480315" flipped="False">
      <text name="pinname" originx="1470" originy="-500" style="Default" rotation="0" justify="right" flipped="False" hidden="False" data="TIMEPULSE" />
      <text name="pindes" originx="1560" originy="-480" style="Default" rotation="0" justify="lowerleft" flipped="False" hidden="False" data="4" />
    </sympin>
    <sympin number="5" originx="1500" originy="-400" rotation="0" length="100" width="7.8740157480315" flipped="False">
      <text name="pinname" originx="1470" originy="-400" style="Default" rotation="0" justify="right" flipped="False" hidden="False" data="EXTINT" />
      <text name="pindes" originx="1560" originy="-380" style="Default" rotation="0" justify="lowerleft" flipped="False" hidden="False" data="5" />
    </sympin>
    <sympin number="6" originx="1500" originy="-300" rotation="0" length="100" width="7.8740157480315" flipped="False">
      <text name="pinname" originx="1470" originy="-300" style="Default" rotation="0" justify="right" flipped="False" hidden="False" data="V_BCKP" />
      <text name="pindes" originx="1560" originy="-280" style="Default" rotation="0" justify="lowerleft" flipped="False" hidden="False" data="6" />
    </sympin>
    <sympin number="7" originx="1500" originy="-200" rotation="0" length="100" width="7.8740157480315" flipped="False">
      <text name="pinname" originx="1470" originy="-200" style="Default" rotation="0" justify="right" flipped="False" hidden="False" data="V_IO" />
      <text name="pindes" originx="1560" originy="-180" style="Default" rotation="0" justify="lowerleft" flipped="False" hidden="False" data="7" />
    </sympin>
    <sympin number="8" originx="1500" originy="-100" rotation="0" length="100" width="7.8740157480315" flipped="False">
      <text name="pinname" originx="1470" originy="-100" style="Default" rotation="0" justify="right" flipped="False" hidden="False" data="VCC" />
      <text name="pindes" originx="1560" originy="-80" style="Default" rotation="0" justify="lowerleft" flipped="False" hidden="False" data="8" />
    </sympin>
    <sympin number="9" originx="1500" originy="0" rotation="0" length="100" width="7.8740157480315" flipped="False">
      <text name="pinname" originx="1470" originy="0" style="Default" rotation="0" justify="right" flipped="False" hidden="False" data="RESET_N" />
      <text name="pindes" originx="1560" originy="20" style="Default" rotation="0" justify="lowerleft" flipped="False" hidden="False" data="9" />
    </sympin>
    <sympin number="10" originx="200" originy="0" rotation="180" length="100" width="7.8740157480315" flipped="False">
      <text name="pinname" originx="230" originy="0" style="Default" rotation="0" justify="left" flipped="False" hidden="False" data="GND_2" />
      <text name="pindes" originx="140" originy="20" style="Default" rotation="0" justify="lowerright" flipped="False" hidden="False" data="10" />
    </sympin>
    <sympin number="11" originx="200" originy="-100" rotation="180" length="100" width="7.8740157480315" flipped="False">
      <text name="pinname" originx="230" originy="-100" style="Default" rotation="0" justify="left" flipped="False" hidden="False" data="RF_IN" />
      <text name="pindes" originx="140" originy="-80" style="Default" rotation="0" justify="lowerright" flipped="False" hidden="False" data="11" />
    </sympin>
    <sympin number="12" originx="200" originy="-200" rotation="180" length="100" width="7.8740157480315" flipped="False">
      <text name="pinname" originx="230" originy="-200" style="Default" rotation="0" justify="left" flipped="False" hidden="False" data="GND_3" />
      <text name="pindes" originx="140" originy="-180" style="Default" rotation="0" justify="lowerright" flipped="False" hidden="False" data="12" />
    </sympin>
    <sympin number="13" originx="200" originy="-300" rotation="180" length="100" width="7.8740157480315" flipped="False">
      <text name="pinname" originx="230" originy="-300" style="Default" rotation="0" justify="left" flipped="False" hidden="False" data="LNA_EN" />
      <text name="pindes" originx="140" originy="-280" style="Default" rotation="0" justify="lowerright" flipped="False" hidden="False" data="13" />
    </sympin>
    <sympin number="14" originx="200" originy="-400" rotation="180" length="100" width="7.8740157480315" flipped="False">
      <text name="pinname" originx="230" originy="-400" style="Default" rotation="0" justify="left" flipped="False" hidden="False" data="VCC_RF" />
      <text name="pindes" originx="140" originy="-380" style="Default" rotation="0" justify="lowerright" flipped="False" hidden="False" data="14" />
    </sympin>
    <sympin number="15" originx="200" originy="-500" rotation="180" length="100" width="7.8740157480315" flipped="False">
      <text name="pinname" originx="230" originy="-500" style="Default" rotation="0" justify="left" flipped="False" hidden="False" data="RESERVED" />
      <text name="pindes" originx="140" originy="-480" style="Default" rotation="0" justify="lowerright" flipped="False" hidden="False" data="15" />
    </sympin>
    <sympin number="16" originx="200" originy="-600" rotation="180" length="100" width="7.8740157480315" flipped="False">
      <text name="pinname" originx="230" originy="-600" style="Default" rotation="0" justify="left" flipped="False" hidden="False" data="SDA" />
      <text name="pindes" originx="140" originy="-580" style="Default" rotation="0" justify="lowerright" flipped="False" hidden="False" data="16" />
    </sympin>
    <sympin number="17" originx="200" originy="-700" rotation="180" length="100" width="7.8740157480315" flipped="False">
      <text name="pinname" originx="230" originy="-700" style="Default" rotation="0" justify="left" flipped="False" hidden="False" data="SCL" />
      <text name="pindes" originx="140" originy="-680" style="Default" rotation="0" justify="lowerright" flipped="False" hidden="False" data="17" />
    </sympin>
    <sympin number="18" originx="200" originy="-800" rotation="180" length="100" width="7.8740157480315" flipped="False">
      <text name="pinname" originx="230" originy="-800" style="Default" rotation="0" justify="left" flipped="False" hidden="False" data="SAFEBOOT_N" />
      <text name="pindes" originx="140" originy="-780" style="Default" rotation="0" justify="lowerright" flipped="False" hidden="False" data="18" />
    </sympin>
  </symbol>
  <component name="MAX-M10S-00B" designatorprefix="IC" height="106.29921259842" footprint="MAXM10S00B">
    <comppin designator="1" sympin="1" pinswap="0" gateswap="0" gate="1" group="1" side="" type="Any" name="GND_1" />
    <comppin designator="2" sympin="2" pinswap="0" gateswap="0" gate="1" group="1" side="" type="Any" name="TXD" />
    <comppin designator="3" sympin="3" pinswap="0" gateswap="0" gate="1" group="1" side="" type="Any" name="RXD" />
    <comppin designator="4" sympin="4" pinswap="0" gateswap="0" gate="1" group="1" side="" type="Any" name="TIMEPULSE" />
    <comppin designator="5" sympin="5" pinswap="0" gateswap="0" gate="1" group="1" side="" type="Any" name="EXTINT" />
    <comppin designator="6" sympin="6" pinswap="0" gateswap="0" gate="1" group="1" side="" type="Any" name="V_BCKP" />
    <comppin designator="7" sympin="7" pinswap="0" gateswap="0" gate="1" group="1" side="" type="Any" name="V_IO" />
    <comppin designator="8" sympin="8" pinswap="0" gateswap="0" gate="1" group="1" side="" type="Any" name="VCC" />
    <comppin designator="9" sympin="9" pinswap="0" gateswap="0" gate="1" group="1" side="" type="Any" name="RESET_N" />
    <comppin designator="10" sympin="10" pinswap="0" gateswap="0" gate="1" group="1" side="" type="Any" name="GND_2" />
    <comppin designator="11" sympin="11" pinswap="0" gateswap="0" gate="1" group="1" side="" type="Any" name="RF_IN" />
    <comppin designator="12" sympin="12" pinswap="0" gateswap="0" gate="1" group="1" side="" type="Any" name="GND_3" />
    <comppin designator="13" sympin="13" pinswap="0" gateswap="0" gate="1" group="1" side="" type="Any" name="LNA_EN" />
    <comppin designator="14" sympin="14" pinswap="0" gateswap="0" gate="1" group="1" side="" type="Any" name="VCC_RF" />
    <comppin designator="15" sympin="15" pinswap="0" gateswap="0" gate="1" group="1" side="" type="Any" name="RESERVED" />
    <comppin designator="16" sympin="16" pinswap="0" gateswap="0" gate="1" group="1" side="" type="Any" name="SDA" />
    <comppin designator="17" sympin="17" pinswap="0" gateswap="0" gate="1" group="1" side="" type="Any" name="SCL" />
    <comppin designator="18" sympin="18" pinswap="0" gateswap="0" gate="1" group="1" side="" type="Any" name="SAFEBOOT_N" />
    <attached_symbol gate="1" name="MAX-M10S-00B" />
    <pinmap designator="1" footprintpin="1" />
    <pinmap designator="2" footprintpin="2" />
    <pinmap designator="3" footprintpin="3" />
    <pinmap designator="4" footprintpin="4" />
    <pinmap designator="5" footprintpin="5" />
    <pinmap designator="6" footprintpin="6" />
    <pinmap designator="7" footprintpin="7" />
    <pinmap designator="8" footprintpin="8" />
    <pinmap designator="9" footprintpin="9" />
    <pinmap designator="10" footprintpin="10" />
    <pinmap designator="11" footprintpin="11" />
    <pinmap designator="12" footprintpin="12" />
    <pinmap designator="13" footprintpin="13" />
    <pinmap designator="14" footprintpin="14" />
    <pinmap designator="15" footprintpin="15" />
    <pinmap designator="16" footprintpin="16" />
    <pinmap designator="17" footprintpin="17" />
    <pinmap designator="18" footprintpin="18" />
    <text name="Datasheet" originx="0" originy="0" style="Default" rotation="0" justify="" flipped="False" hidden="True" data="https://content.u-blox.com/sites/default/files/MAX-M10S_IntegrationManual_UBX-20053088.pdf" />
    <text name="Description" originx="0" originy="0" style="Default" rotation="0" justify="" flipped="False" hidden="True" data="GPS Modules u-blox M10 GNSS LCC module, firmware in ROM, SAW filter, LNA" />
    <text name="Mouser Part Number" originx="0" originy="0" style="Default" rotation="0" justify="" flipped="False" hidden="True" data="377-MAX-M10S-00B" />
    <text name="Mouser Price/Stock" originx="0" originy="0" style="Default" rotation="0" justify="" flipped="False" hidden="True" data="https://www.mouser.co.uk/ProductDetail/u-blox/MAX-M10S-00B?qs=A6eO%252BMLsxmT0PfQYPb7LLQ%3D%3D" />
    <text name="Manufacturer_Name" originx="0" originy="0" style="Default" rotation="0" justify="" flipped="False" hidden="True" data="U-Blox" />
    <text name="Manufacturer_Part_Number" originx="1550" originy="200" style="Default" rotation="0" justify="left" flipped="False" hidden="False" data="MAX-M10S-00B" />
  </component>
</quadcept_library>
