<?xml version="1.0" encoding="utf-8"?>
<!--/14875212/460558/2.49/4/2/Filter/-->
<quadcept_library>
  <setting unit="mil" />
  <textstyle name="Default" height="47.244094488189" strokewidth="7.8740157480315" charwidth="47.244094488189" />
  <textstyle name="Dimension" height="19.6850393700787" strokewidth="0" charwidth="19.6850393700787" />
  <textstyle name="H127W0635TH00762" height="50" strokewidth="3" charwidth="25" />
  <textstyle name="H15W15TH02" height="59.0551181102362" strokewidth="7.8740157480315" charwidth="59.0551181102362" />
  <padstyle name="s60" surface="True" plated="False" isvia="False" nopaste="False" nomask="True" complex="False" holesize="0">
    <padshape layer="TOP" shape="square" width="23.622047244094" height="23.622047244094" />
    <padshape layer="TOP_SOLDER_MASK" shape="square" width="31.496062992126" height="31.496062992126" />
    <padshape layer="TOP_SOLDER_PASTE" shape="square" width="23.622047244094" height="23.622047244094" />
  </padstyle>
  <padstyle name="s40" surface="True" plated="False" isvia="False" nopaste="False" nomask="True" complex="False" holesize="0">
    <padshape layer="TOP" shape="square" width="15.748031496063" height="15.748031496063" />
    <padshape layer="TOP_SOLDER_MASK" shape="square" width="23.622047244094" height="23.622047244094" />
    <padshape layer="TOP_SOLDER_PASTE" shape="square" width="15.748031496063" height="15.748031496063" />
  </padstyle>
  <footprint name="YFF18AC" originx="0" originy="0" pickpointx="0" pickpointy="0">
    <pcbpin number="1" name="1" style="s60" originx="-31.496062992126" originy="0" rotation="90" />
    <pcbpin number="2" name="2" style="s40" originx="0" originy="-15.748031496063" rotation="90" />
    <pcbpin number="3" name="3" style="s60" originx="31.496062992126" originy="0" rotation="90" />
    <pcbpin number="4" name="4" style="s40" originx="0" originy="15.748031496063" rotation="90" />
    <line layer="TOP_ASSEMBLY" originx="-31.496062992126" originy="-15.748031496063" endx="31.496062992126" endy="-15.748031496063" width="3.9370078740157" />
    <line layer="TOP_ASSEMBLY" originx="31.496062992126" originy="-15.748031496063" endx="31.496062992126" endy="15.748031496063" width="3.9370078740157" />
    <line layer="TOP_ASSEMBLY" originx="31.496062992126" originy="15.748031496063" endx="-31.496062992126" endy="15.748031496063" width="3.9370078740157" />
    <line layer="TOP_ASSEMBLY" originx="-31.496062992126" originy="15.748031496063" endx="-31.496062992126" endy="-15.748031496063" width="3.9370078740157" />
    <line layer="TOP_PLACE_BOUND" originx="-82.67716535433" originy="62.992125984251" endx="82.67716535433" endy="62.992125984251" width="3.9370078740157" />
    <line layer="TOP_PLACE_BOUND" originx="82.67716535433" originy="62.992125984251" endx="82.67716535433" endy="-62.992125984251" width="3.9370078740157" />
    <line layer="TOP_PLACE_BOUND" originx="82.67716535433" originy="-62.992125984251" endx="-82.67716535433" endy="-62.992125984251" width="3.9370078740157" />
    <line layer="TOP_PLACE_BOUND" originx="-82.67716535433" originy="-62.992125984251" endx="-82.67716535433" endy="62.992125984251" width="3.9370078740157" />
    <line layer="TOP_SILKSCREEN" originx="-66.929133858267" originy="0" endx="-66.929133858267" endy="0" width="3.9370078740157" />
    <arc layer="TOP_SILKSCREEN" originx="-64.960629921259" originy="0" startangle="-180.0" sweepangle="180.0" radius="1.9685039370079" width="3.9370078740157" />
    <line layer="TOP_SILKSCREEN" originx="-62.992125984251" originy="0" endx="-62.992125984251" endy="0" width="3.9370078740157" />
    <arc layer="TOP_SILKSCREEN" originx="-64.960629921259" originy="0" startangle=".0" sweepangle="180.0" radius="1.9685039370079" width="3.9370078740157" />
    <line layer="TOP_SILKSCREEN" originx="-66.929133858267" originy="0" endx="-66.929133858267" endy="0" width="3.9370078740157" />
    <arc layer="TOP_SILKSCREEN" originx="-64.960629921259" originy="0" startangle="-180.0" sweepangle="180.0" radius="1.9685039370079" width="3.9370078740157" />
  </footprint>
  <symbol name="YFF18AC0G475MT0Y0E" originx="0" originy="0">
    <line originx="200" originy="500" endx="1200" endy="500" width="0" />
    <line originx="1200" originy="-500" endx="1200" endy="500" width="0" />
    <line originx="1200" originy="-500" endx="200" endy="-500" width="0" />
    <line originx="200" originy="500" endx="200" endy="-500" width="0" />
    <sympin number="1" originx="200" originy="0" rotation="180" length="100" width="7.8740157480315" flipped="False">
      <text name="pinname" originx="230" originy="0" style="Default" rotation="0" justify="left" flipped="False" hidden="False" data="IN/OUT" />
      <text name="pindes" originx="140" originy="20" style="Default" rotation="0" justify="lowerright" flipped="False" hidden="False" data="1" />
    </sympin>
    <sympin number="2" originx="700" originy="-500" rotation="270" length="100" width="7.8740157480315" flipped="False">
      <text name="pinname" originx="700" originy="-470" style="Default" rotation="0" justify="left" flipped="False" hidden="False" data="GND_1" />
      <text name="pindes" originx="680" originy="-560" style="Default" rotation="0" justify="lowerright" flipped="False" hidden="False" data="2" />
    </sympin>
    <sympin number="3" originx="1200" originy="0" rotation="0" length="100" width="7.8740157480315" flipped="False">
      <text name="pinname" originx="1170" originy="0" style="Default" rotation="0" justify="right" flipped="False" hidden="False" data="OUT/IN" />
      <text name="pindes" originx="1260" originy="20" style="Default" rotation="0" justify="lowerleft" flipped="False" hidden="False" data="3" />
    </sympin>
    <sympin number="4" originx="700" originy="500" rotation="90" length="100" width="7.8740157480315" flipped="False">
      <text name="pinname" originx="700" originy="470" style="Default" rotation="0" justify="right" flipped="False" hidden="False" data="GND_2" />
      <text name="pindes" originx="680" originy="560" style="Default" rotation="0" justify="lowerleft" flipped="False" hidden="False" data="4" />
    </sympin>
  </symbol>
  <component name="YFF18AC0G475MT0Y0E" designatorprefix="FL" height="0" footprint="YFF18AC">
    <comppin designator="1" sympin="1" pinswap="0" gateswap="0" gate="1" group="1" side="" type="Any" name="IN/OUT" />
    <comppin designator="2" sympin="2" pinswap="0" gateswap="0" gate="1" group="1" side="" type="Any" name="GND_1" />
    <comppin designator="3" sympin="3" pinswap="0" gateswap="0" gate="1" group="1" side="" type="Any" name="OUT/IN" />
    <comppin designator="4" sympin="4" pinswap="0" gateswap="0" gate="1" group="1" side="" type="Any" name="GND_2" />
    <attached_symbol gate="1" name="YFF18AC0G475MT0Y0E" />
    <pinmap designator="1" footprintpin="1" />
    <pinmap designator="2" footprintpin="2" />
    <pinmap designator="3" footprintpin="3" />
    <pinmap designator="4" footprintpin="4" />
    <text name="Datasheet" originx="0" originy="0" style="Default" rotation="0" justify="" flipped="False" hidden="True" data="https://product.tdk.com/system/files/dam/doc/product/emc/emc/3tf/catalog/3tf_automotive_general_yff-ac_en.pdf" />
    <text name="Description" originx="0" originy="0" style="Default" rotation="0" justify="" flipped="False" hidden="True" data="3-terminal Filters, Insertion Loss=30dB (0.05MHz to 3000MHz), LxWxT: 1.6x0.8x0.8mm" />
    <text name="Mouser Part Number" originx="0" originy="0" style="Default" rotation="0" justify="" flipped="False" hidden="True" data="810-YFF18AC0G475MTYE" />
    <text name="Mouser Price/Stock" originx="0" originy="0" style="Default" rotation="0" justify="" flipped="False" hidden="True" data="https://www.mouser.co.uk/ProductDetail/TDK/YFF18AC0G475MT0Y0E?qs=DRkmTr78QAR1NERkh6ttFw%3D%3D" />
    <text name="Manufacturer_Name" originx="0" originy="0" style="Default" rotation="0" justify="" flipped="False" hidden="True" data="TDK" />
    <text name="Manufacturer_Part_Number" originx="1250" originy="600" style="Default" rotation="0" justify="left" flipped="False" hidden="False" data="YFF18AC0G475MT0Y0E" />
  </component>
</quadcept_library>
