<?xml version="1.0" encoding="utf-8"?>
<!--/1080935/460558/2.49/4/2/Filter/-->
<quadcept_library>
  <setting unit="mil" />
  <textstyle name="Default" height="47.244094488189" strokewidth="7.8740157480315" charwidth="47.244094488189" />
  <textstyle name="Dimension" height="19.6850393700787" strokewidth="0" charwidth="19.6850393700787" />
  <textstyle name="H127W0635TH00762" height="50" strokewidth="3" charwidth="25" />
  <textstyle name="H15W15TH02" height="59.0551181102362" strokewidth="7.8740157480315" charwidth="59.0551181102362" />
  <padstyle name="r60_30" surface="True" plated="False" isvia="False" nopaste="False" nomask="True" complex="False" holesize="0">
    <padshape layer="TOP" shape="rectangle" width="11.811023622047" height="23.622047244094" />
    <padshape layer="TOP_SOLDER_MASK" shape="rectangle" width="19.685039370078" height="31.496062992126" />
    <padshape layer="TOP_SOLDER_PASTE" shape="rectangle" width="11.811023622047" height="23.622047244094" />
  </padstyle>
  <padstyle name="r25_19" surface="True" plated="False" isvia="False" nopaste="False" nomask="True" complex="False" holesize="0">
    <padshape layer="TOP" shape="rectangle" width="7.4803149606298" height="9.8425196850392" />
    <padshape layer="TOP_SOLDER_MASK" shape="rectangle" width="15.354330708661" height="17.716535433071" />
    <padshape layer="TOP_SOLDER_PASTE" shape="rectangle" width="7.4803149606298" height="9.8425196850392" />
  </padstyle>
  <footprint name="YFF15PC" originx="0" originy="0" pickpointx="0" pickpointy="0">
    <pcbpin number="1" name="1" style="r60_30" originx="-19.685039370078" originy="0" rotation="0" />
    <pcbpin number="2" name="2" style="r25_19" originx="0" originy="-9.8425196850392" rotation="0" />
    <pcbpin number="3" name="3" style="r60_30" originx="19.685039370078" originy="0" rotation="0" />
    <pcbpin number="4" name="4" style="r25_19" originx="0" originy="9.8425196850392" rotation="0" />
    <line layer="TOP_ASSEMBLY" originx="-20.669291338582" originy="12.795275590551" endx="20.669291338582" endy="12.795275590551" width="7.8740157480314" />
    <line layer="TOP_ASSEMBLY" originx="20.669291338582" originy="12.795275590551" endx="20.669291338582" endy="-12.795275590551" width="7.8740157480314" />
    <line layer="TOP_ASSEMBLY" originx="20.669291338582" originy="-12.795275590551" endx="-20.669291338582" endy="-12.795275590551" width="7.8740157480314" />
    <line layer="TOP_ASSEMBLY" originx="-20.669291338582" originy="-12.795275590551" endx="-20.669291338582" endy="12.795275590551" width="7.8740157480314" />
    <line layer="TOP_PLACE_BOUND" originx="-78.740157480314" originy="54.133858267716" endx="64.960629921259" endy="54.133858267716" width="3.9370078740157" />
    <line layer="TOP_PLACE_BOUND" originx="64.960629921259" originy="54.133858267716" endx="64.960629921259" endy="-54.133858267716" width="3.9370078740157" />
    <line layer="TOP_PLACE_BOUND" originx="64.960629921259" originy="-54.133858267716" endx="-78.740157480314" endy="-54.133858267716" width="3.9370078740157" />
    <line layer="TOP_PLACE_BOUND" originx="-78.740157480314" originy="-54.133858267716" endx="-78.740157480314" endy="54.133858267716" width="3.9370078740157" />
    <line layer="TOP_PLACE_BOUND" originx="-78.740157480314" originy="54.133858267716" endx="64.960629921259" endy="54.133858267716" width="3.9370078740157" />
    <line layer="TOP_PLACE_BOUND" originx="64.960629921259" originy="54.133858267716" endx="64.960629921259" endy="-54.133858267716" width="3.9370078740157" />
    <line layer="TOP_PLACE_BOUND" originx="64.960629921259" originy="-54.133858267716" endx="-78.740157480314" endy="-54.133858267716" width="3.9370078740157" />
    <line layer="TOP_PLACE_BOUND" originx="-78.740157480314" originy="-54.133858267716" endx="-78.740157480314" endy="54.133858267716" width="3.9370078740157" />
    <line layer="TOP_SILKSCREEN" originx="-39.370078740157" originy="0" endx="-39.370078740157" endy="0" width="3.9370078740157" />
    <arc layer="TOP_SILKSCREEN" originx="-37.401574803149" originy="0" startangle="180.0" sweepangle="180.0" radius="1.9685039370079" width="3.9370078740157" />
    <line layer="TOP_SILKSCREEN" originx="-35.433070866141" originy="0" endx="-35.433070866141" endy="0" width="3.9370078740157" />
    <arc layer="TOP_SILKSCREEN" originx="-37.401574803149" originy="0" startangle=".0" sweepangle="180.0" radius="1.9685039370079" width="3.9370078740157" />
  </footprint>
  <symbol name="YFF15PC1A224MT000N" originx="0" originy="0">
    <line originx="200" originy="500" endx="1200" endy="500" width="0" />
    <line originx="1200" originy="-500" endx="1200" endy="500" width="0" />
    <line originx="1200" originy="-500" endx="200" endy="-500" width="0" />
    <line originx="200" originy="500" endx="200" endy="-500" width="0" />
    <sympin number="1" originx="200" originy="0" rotation="180" length="100" width="7.8740157480315" flipped="False">
      <text name="pinname" originx="230" originy="0" style="Default" rotation="0" justify="left" flipped="False" hidden="False" data="IN/OUT" />
      <text name="pindes" originx="140" originy="20" style="Default" rotation="0" justify="lowerright" flipped="False" hidden="False" data="1" />
    </sympin>
    <sympin number="2" originx="700" originy="-500" rotation="270" length="100" width="7.8740157480315" flipped="False">
      <text name="pinname" originx="700" originy="-470" style="Default" rotation="0" justify="left" flipped="False" hidden="False" data="GND_1" />
      <text name="pindes" originx="680" originy="-560" style="Default" rotation="0" justify="lowerright" flipped="False" hidden="False" data="2" />
    </sympin>
    <sympin number="3" originx="1200" originy="0" rotation="0" length="100" width="7.8740157480315" flipped="False">
      <text name="pinname" originx="1170" originy="0" style="Default" rotation="0" justify="right" flipped="False" hidden="False" data="OUT/IN" />
      <text name="pindes" originx="1260" originy="20" style="Default" rotation="0" justify="lowerleft" flipped="False" hidden="False" data="3" />
    </sympin>
    <sympin number="4" originx="700" originy="500" rotation="90" length="100" width="7.8740157480315" flipped="False">
      <text name="pinname" originx="700" originy="470" style="Default" rotation="0" justify="right" flipped="False" hidden="False" data="GND_2" />
      <text name="pindes" originx="680" originy="560" style="Default" rotation="0" justify="lowerleft" flipped="False" hidden="False" data="4" />
    </sympin>
  </symbol>
  <component name="YFF15PC1A224MT000N" designatorprefix="FL" height="0" footprint="YFF15PC">
    <comppin designator="1" sympin="1" pinswap="0" gateswap="0" gate="1" group="1" side="" type="Any" name="IN/OUT" />
    <comppin designator="2" sympin="2" pinswap="0" gateswap="0" gate="1" group="1" side="" type="Any" name="GND_1" />
    <comppin designator="3" sympin="3" pinswap="0" gateswap="0" gate="1" group="1" side="" type="Any" name="OUT/IN" />
    <comppin designator="4" sympin="4" pinswap="0" gateswap="0" gate="1" group="1" side="" type="Any" name="GND_2" />
    <attached_symbol gate="1" name="YFF15PC1A224MT000N" />
    <pinmap designator="1" footprintpin="1" />
    <pinmap designator="2" footprintpin="2" />
    <pinmap designator="3" footprintpin="3" />
    <pinmap designator="4" footprintpin="4" />
    <text name="Datasheet" originx="0" originy="0" style="Default" rotation="0" justify="" flipped="False" hidden="True" data="https://componentsearchengine.com/Datasheets/1/YFF15PC1A224MT000N.pdf" />
    <text name="Description" originx="0" originy="0" style="Default" rotation="0" justify="" flipped="False" hidden="True" data="3-terminal Filters, Insertion Loss=40dB (4MHz to 1000MHz), LxWxT: 1x0.55x0.3mm" />
    <text name="Mouser Part Number" originx="0" originy="0" style="Default" rotation="0" justify="" flipped="False" hidden="True" data="810-YFF15PC1A224M" />
    <text name="Mouser Price/Stock" originx="0" originy="0" style="Default" rotation="0" justify="" flipped="False" hidden="True" data="https://www.mouser.com/Search/Refine.aspx?Keyword=810-YFF15PC1A224M" />
    <text name="Manufacturer_Name" originx="0" originy="0" style="Default" rotation="0" justify="" flipped="False" hidden="True" data="TDK" />
    <text name="Manufacturer_Part_Number" originx="1250" originy="600" style="Default" rotation="0" justify="left" flipped="False" hidden="False" data="YFF15PC1A224MT000N" />
  </component>
</quadcept_library>
